,Col 1,Col 2,Col 3,Col 4,Col 5,Col 6,Col 7,Col 8,Col 9,Col 10,Col 11,Col 12,Col 13,Col 14,Col 15,Col 16,Col 17,Col 18,Col 19,Col 20,Col 21,Col 22,Col 23,Col 24,Col 25,Col 26,Col 27,Col 28,Col 29,Col 30,Col 31,Col 32,Col 33,Col 34,Col 35,Col 36,Col 37,Col 38,Col 39,Col 40,Col 41,Col 42,Col 43,Col 44,Col 45,Col 46,Col 47,Col 48,Col 49,Col 50,Col 51,Col 52,Col 53,Col 54,Col 55,Col 56,Col 57,Col 58,Col 59,Col 60,Col 61,Col 62,Col 63,Col 64,Col 65,Col 66,Col 67,Col 68,Col 69,Col 70,Col 71,Col 72,Col 73,Col 74,Col 75,Col 76,Col 77,Col 78,Col 79,Col 80,Col 81,Col 82,Col 83,Col 84,Col 85,Col 86,Col 87,Col 88,Col 89,Col 90,Col 91,Col 92,Col 93,Col 94,Col 95,Col 96,Col 97,Col 98,Col 99,Col 100
Row 1,A,Z,F,D,N,Y,R,D,V,U,E,A,H,G,U,A,J,U,C,V,B,H,P,X,W,R,U,W,Q,J,U,A,N,B,I,Y,H,K,L,I,N,A,Q,Q,Y,E,N,L,V,Y,U,G,A,G,E,K,K,G,A,C,K,K,K,D,E,E,F,F,R,Z,V,X,R,Q,G,U,K,W,W,M,E,A,K,S,V,F,M,C,V,X,Q,H,N,Z,G,E,R,T,B,P
Row 2,Y,G,T,I,A,Q,R,S,P,P,S,N,X,F,A,O,O,P,W,Q,G,V,K,T,Q,Z,P,E,G,H,S,A,O,Q,Z,Y,K,Q,J,E,J,F,V,B,D,V,V,G,S,X,K,V,R,Z,N,J,M,D,E,A,N,F,F,J,U,O,F,M,O,G,A,M,T,H,U,Q,P,N,A,N,C,O,F,W,Y,R,Q,M,G,K,U,Q,U,X,F,K,H,X,K,W
Row 3,D,C,E,E,W,C,P,T,F,B,E,W,Q,D,R,C,D,E,K,H,A,F,I,Q,Z,L,J,H,R,G,B,W,V,C,Y,R,V,Z,I,W,E,Z,V,R,S,I,T,K,V,W,F,V,D,Y,B,H,N,U,I,J,Q,Y,U,X,Y,L,E,H,P,I,Z,G,Z,L,Y,Z,X,U,W,H,E,W,Z,T,D,A,Q,Q,T,F,T,F,M,I,A,M,U,C,I,U
Row 4,A,E,T,T,I,B,C,P,B,Y,V,R,V,G,R,K,D,T,Z,P,G,J,M,L,C,C,B,X,H,L,D,G,S,S,K,F,P,P,R,W,I,D,R,Q,I,N,U,Y,G,D,V,X,W,G,N,K,B,O,H,N,O,I,M,N,F,A,G,O,X,C,T,R,U,L,J,W,H,X,R,A,W,R,B,H,P,P,Y,G,K,U,M,F,F,B,B,P,Q,Y,C,K
Row 5,I,V,H,B,P,K,M,R,R,Y,N,T,J,O,W,N,E,H,B,R,L,C,H,V,Y,D,L,D,W,C,J,V,T,K,B,D,N,S,Q,U,V,L,O,W,G,I,G,H,B,P,Z,E,U,O,H,I,U,L,H,A,Z,X,I,W,B,S,D,S,T,T,E,C,C,T,W,H,W,N,G,W,V,J,D,M,G,F,U,B,R,Q,S,I,B,B,P,W,X,J,W,B
Row 6,D,H,A,D,M,L,D,A,W,N,N,Q,M,M,X,L,X,S,I,N,A,T,M,E,G,Y,F,C,C,D,P,B,D,S,Q,I,R,L,R,M,Z,X,W,V,R,U,U,V,U,E,A,X,W,N,V,R,E,R,B,E,T,F,V,S,Q,L,M,Z,F,W,A,T,C,V,P,U,V,U,O,A,N,I,L,B,I,B,E,R,O,F,J,U,T,Z,Y,V,V,H,B,F
Row 7,P,N,C,Q,T,C,A,S,S,Z,U,W,I,I,R,R,R,L,Q,R,D,S,P,G,B,W,L,S,W,B,F,W,M,L,P,M,K,F,D,N,J,Y,R,U,A,E,Y,T,J,J,X,O,H,F,A,J,A,N,N,A,G,L,E,J,B,E,Q,I,D,E,B,E,I,C,Z,E,T,N,J,K,W,E,T,T,I,S,R,O,P,G,C,X,V,X,G,Y,W,M,Z,V
Row 8,Q,J,H,Y,N,G,R,K,X,H,C,A,Z,H,C,M,A,A,H,A,T,L,N,F,J,G,G,Z,Y,V,L,I,S,Q,R,P,T,H,A,U,H,G,J,A,E,B,F,I,G,R,I,D,U,G,O,U,Y,P,D,C,R,T,D,G,Z,S,U,Z,T,A,C,G,W,A,B,P,M,K,A,L,M,S,X,S,M,K,X,C,C,P,Z,R,Z,S,M,I,G,I,T,U
Row 9,L,B,M,C,D,G,E,A,Q,Z,M,V,W,L,Y,J,L,Z,F,N,W,T,S,Y,O,V,E,C,V,G,M,L,A,J,S,R,B,N,W,F,V,G,K,D,B,X,Y,D,U,I,K,I,V,W,Y,W,Q,O,Z,Q,P,B,W,F,A,A,X,X,V,B,Y,Q,H,Q,O,J,Q,I,K,V,P,O,F,N,M,S,M,H,Q,B,F,Q,N,Y,X,N,K,H,F,C
Row 10,T,O,K,I,G,A,G,R,E,D,T,J,X,A,V,A,U,A,X,O,N,T,C,L,M,Y,L,S,T,O,S,K,T,F,Y,H,C,J,B,O,N,P,X,W,S,Z,D,W,G,Z,X,C,W,F,S,H,P,N,D,F,D,L,C,W,O,I,Z,Y,G,Y,C,J,A,X,C,C,U,N,Y,Y,O,N,H,K,W,E,G,F,K,H,Y,T,E,Z,L,X,E,L,P,U
Row 11,W,O,S,F,T,F,Z,E,W,V,F,V,H,E,T,H,X,L,L,R,Q,E,S,X,K,Z,Y,V,Q,G,Z,M,E,U,Q,K,H,K,H,M,W,U,O,C,Q,W,U,B,K,Q,W,D,T,U,J,S,Z,F,W,W,S,X,W,W,D,M,X,K,A,S,R,K,Q,N,W,P,F,L,B,O,N,X,L,Y,H,K,O,U,M,Y,O,U,O,Q,I,T,R,G,W,W
Row 12,G,D,N,V,F,X,S,G,E,I,J,R,Q,W,Q,C,U,F,I,M,N,V,J,M,Y,Q,S,Y,N,X,R,Y,Y,A,E,A,A,Z,M,Y,S,W,V,D,J,G,X,T,L,C,K,D,V,M,L,M,A,O,M,J,J,F,S,E,G,Z,H,W,X,V,Q,B,Q,D,K,V,L,R,W,H,V,P,Y,P,L,N,D,O,B,C,V,W,I,O,M,H,P,C,B,L
Row 13,O,I,W,V,E,E,B,G,G,H,M,D,K,I,B,C,F,Q,O,Q,T,V,Q,U,L,H,A,N,V,B,P,U,O,L,S,B,W,T,H,L,P,Q,O,Z,K,V,E,Y,X,X,L,L,V,Q,P,M,N,A,Y,S,K,B,V,L,I,C,W,B,Y,M,T,H,D,D,B,S,P,X,Q,I,Y,C,Y,F,U,S,H,E,Y,G,Y,C,P,V,C,E,K,B,B,B
Row 14,W,M,M,Q,I,L,R,V,U,O,B,B,O,Z,U,W,U,S,M,C,X,F,M,D,L,Q,O,O,T,T,Q,X,N,V,W,Z,Z,B,D,P,I,A,U,N,V,W,C,O,W,F,X,S,M,X,A,F,T,C,W,Q,H,Y,T,V,W,R,E,I,D,R,J,J,Q,V,C,S,D,X,A,O,W,A,W,K,Z,B,O,T,W,U,A,B,A,Q,N,U,O,Q,C,G
Row 15,N,L,H,H,M,T,L,S,S,R,S,J,B,M,F,E,D,T,J,E,Q,V,V,H,H,N,I,A,O,J,Q,K,B,M,Z,B,V,O,X,T,K,A,Y,Y,F,M,L,X,X,Q,J,G,S,G,Q,W,X,O,Y,B,W,H,W,U,Y,Z,H,I,F,O,K,O,R,F,V,V,P,M,I,G,L,E,O,D,R,V,B,R,I,D,R,B,F,M,O,S,L,I,J,S
Row 16,P,S,B,T,F,M,Z,P,W,M,C,B,A,K,F,C,P,Z,W,Z,F,A,H,P,Q,K,S,T,D,B,J,P,A,K,V,P,V,M,C,N,H,E,O,U,O,P,K,I,R,R,X,C,K,M,Y,O,Y,R,Z,W,Z,D,D,N,W,B,X,Q,F,Q,H,E,B,J,K,Y,N,B,U,C,O,K,N,C,B,E,C,D,F,Y,F,T,T,N,B,M,M,O,N,C
Row 17,T,P,S,D,P,E,Z,C,N,S,D,D,D,W,X,W,V,K,U,A,T,X,A,I,Z,I,O,K,L,B,I,T,Y,G,S,B,U,G,P,C,I,Y,S,J,I,W,T,I,I,C,T,O,M,Q,Y,W,I,D,Z,R,A,V,S,G,Z,D,T,G,W,V,D,M,G,E,E,Q,T,S,B,P,A,S,O,Z,L,K,R,W,F,K,Q,H,Q,I,G,P,R,F,Q,X
Row 18,T,M,Z,L,V,A,I,Z,O,F,H,X,G,P,M,G,M,Y,K,T,J,U,M,W,H,S,L,G,A,R,C,J,G,P,V,H,B,Z,O,D,K,E,Z,T,V,I,Q,K,Y,P,F,D,W,E,Z,R,S,Y,D,I,I,B,H,P,S,X,M,I,G,I,V,I,S,K,R,S,S,Q,J,A,Q,U,O,L,E,T,A,R,L,M,O,H,X,L,Y,T,B,L,A,L
Row 19,R,D,U,X,N,U,C,K,M,Q,X,H,M,B,D,X,F,Y,Q,J,G,F,F,J,S,E,N,J,H,G,A,J,G,C,C,V,G,W,Y,L,X,Y,J,G,T,N,K,G,F,D,E,S,S,N,D,E,U,M,T,C,R,G,Z,M,M,V,Z,D,C,D,K,W,Z,F,P,N,N,A,L,U,R,X,C,I,H,W,L,W,F,S,N,Q,E,T,M,O,I,B,Q,I
Row 20,N,P,M,O,J,B,K,Y,B,J,B,I,V,T,D,M,Q,M,T,C,Y,U,U,K,H,G,R,S,J,J,R,K,W,P,T,O,G,E,R,W,I,Q,E,I,U,Z,M,K,C,P,U,J,D,D,U,W,F,E,F,K,H,A,U,Y,C,O,X,D,U,S,S,A,L,Y,E,T,S,T,A,Z,R,G,V,Y,I,G,U,X,N,T,M,T,Y,B,F,V,R,Q,L,N
Row 21,S,G,Y,O,A,E,K,V,N,E,R,S,F,S,R,S,R,K,D,S,Q,U,V,S,Z,Q,I,H,N,J,H,K,L,X,L,R,C,J,Y,E,L,G,E,X,J,U,H,V,K,B,L,H,K,V,N,F,M,O,J,S,Y,P,I,G,E,A,Y,Q,B,C,I,O,M,Z,T,M,V,H,E,Z,U,S,N,U,T,B,P,E,Z,O,F,A,G,Q,X,S,X,N,H,Z
Row 22,V,F,E,I,M,D,Q,Q,R,D,H,U,U,I,P,P,Q,T,A,I,E,O,W,R,I,X,E,C,S,X,O,P,P,I,X,G,H,O,E,S,H,Y,H,B,U,L,L,D,K,Q,E,L,Z,E,C,L,G,R,X,G,C,B,S,B,G,L,F,O,J,E,N,K,S,E,G,N,U,A,K,Z,B,P,M,E,J,M,I,P,J,P,B,W,A,E,N,Q,J,B,E,Y
Row 23,G,X,G,C,E,S,H,S,S,D,F,A,Y,O,M,O,H,Y,V,K,Y,O,J,B,G,A,A,G,F,I,V,O,U,U,C,Z,R,A,I,C,J,H,V,R,F,L,I,V,C,Z,Z,I,J,Z,L,Z,J,W,J,H,Y,N,W,I,X,K,H,V,N,O,R,N,O,Y,O,U,C,H,L,U,K,W,Q,P,I,W,U,C,Q,X,E,E,A,Z,Q,Y,A,J,S,R
Row 24,K,V,U,Y,T,W,X,N,F,B,I,M,N,U,R,J,N,P,Y,Z,V,D,R,F,D,A,Z,K,K,D,Z,R,M,T,V,P,Q,X,G,G,V,E,W,O,G,B,J,O,I,L,Z,F,N,U,Z,L,D,R,E,V,Y,H,E,E,L,U,T,L,E,Y,L,H,P,B,T,B,R,O,Y,Q,I,F,C,X,H,S,G,H,A,A,Q,B,H,G,Q,I,G,J,L,K
Row 25,Q,H,U,K,Y,G,Y,R,G,O,G,W,B,B,X,C,C,Q,M,O,U,F,M,B,G,R,U,X,O,U,I,J,E,Z,Y,V,H,X,G,O,R,X,Y,H,U,N,K,E,F,K,D,Q,X,A,P,V,L,R,R,I,J,R,S,I,O,H,S,J,X,E,K,Y,J,Z,S,B,O,B,S,J,O,V,O,M,N,N,K,P,U,T,L,H,D,R,M,U,I,T,B,L
Row 26,M,B,A,H,Z,D,L,U,C,X,L,U,B,O,L,U,D,T,O,R,O,K,Y,R,J,Q,X,Q,X,T,Y,D,M,F,S,H,S,U,A,G,L,J,S,M,U,P,S,G,D,B,V,C,B,C,C,F,W,K,C,U,F,Q,E,B,J,J,H,S,V,K,O,X,V,W,K,O,Y,K,M,I,Z,R,O,X,G,J,E,B,C,W,A,U,D,V,Y,T,J,X,F,L
Row 27,J,B,B,J,X,B,D,R,Z,R,X,K,I,C,X,U,Z,J,X,P,D,R,S,S,O,M,Z,R,S,Q,J,Y,Z,D,W,J,Y,C,D,U,G,N,A,E,D,F,Z,X,Y,I,T,K,J,J,D,S,H,S,C,P,P,F,U,C,Q,L,P,Y,O,J,A,U,Z,T,O,S,W,F,T,S,L,V,O,C,K,C,C,T,R,B,C,Z,F,W,H,B,Y,J,A,O
Row 28,X,X,X,G,S,A,C,K,B,P,K,W,F,L,L,B,P,H,A,L,Y,I,J,G,Z,W,A,S,W,D,N,B,D,O,V,R,D,O,I,U,F,X,Q,W,T,E,P,G,G,T,R,P,N,C,U,I,Y,X,Q,C,L,E,N,L,Q,Q,B,N,A,P,M,R,X,I,V,K,B,P,W,Q,L,R,X,N,I,O,O,Y,O,M,P,K,K,U,G,B,L,U,I,K
Row 29,L,X,W,D,M,H,E,B,V,J,P,Z,S,L,F,G,A,V,V,M,J,L,C,J,Z,K,C,F,X,J,L,F,H,X,R,R,P,K,W,C,Q,Q,D,O,Y,J,K,V,X,Z,P,D,F,G,Z,A,K,K,H,F,U,Y,P,R,F,E,N,T,J,C,F,H,O,R,M,A,Y,M,F,K,U,A,I,U,T,E,R,I,G,D,J,Y,A,O,W,L,V,B,X,E
Row 30,K,F,M,O,N,A,L,Q,P,U,D,F,V,S,H,D,G,U,F,N,U,T,N,B,O,P,H,I,R,Q,A,J,O,Q,R,I,B,T,G,R,N,D,A,L,H,D,H,W,M,B,T,V,O,D,C,N,U,Y,C,Q,E,E,D,R,L,J,N,X,X,O,J,H,T,E,A,Y,T,R,V,I,C,X,N,Q,R,J,T,O,H,Q,F,S,J,C,X,L,C,D,U,N
Row 31,H,W,H,B,H,V,R,V,Z,X,G,W,X,J,N,C,I,Z,U,Q,F,J,G,Z,R,J,D,R,J,F,H,O,G,O,U,B,A,O,P,Z,O,B,Z,S,I,S,T,K,R,A,M,X,A,W,F,K,E,E,G,D,L,T,C,R,W,J,W,L,D,C,O,P,T,V,M,C,W,X,B,T,Y,L,O,T,B,P,M,Q,B,E,N,D,A,P,M,G,G,H,H,L
Row 32,A,N,G,O,U,N,I,U,G,U,E,D,M,Q,J,G,D,L,S,A,A,E,Q,A,V,N,Y,T,Y,B,W,B,Y,J,U,R,N,X,H,I,R,M,W,O,W,M,V,C,X,F,I,V,E,L,Q,H,M,J,D,Y,B,H,R,F,J,G,M,A,A,Q,F,H,L,H,T,U,I,Q,A,F,C,V,X,F,H,Q,Z,Q,A,A,R,A,H,W,P,S,S,L,O,K
Row 33,N,M,M,Q,J,L,B,O,D,L,E,C,O,I,R,R,D,I,N,X,H,R,A,D,O,M,G,P,O,M,I,L,W,X,H,Q,B,B,Y,Q,K,N,R,J,G,S,A,R,B,V,J,Z,D,H,N,Q,M,E,G,J,X,P,Q,G,I,P,P,G,Q,Z,J,H,A,G,R,L,D,M,A,J,G,U,S,B,A,V,K,Z,T,N,O,Y,U,C,S,T,V,S,H,S
Row 34,Q,U,Q,K,I,C,Q,C,D,S,L,G,U,L,C,T,V,E,F,K,N,W,E,I,R,H,I,M,P,S,B,V,G,A,H,O,T,M,A,J,I,W,Q,T,J,H,C,H,N,K,F,V,L,O,R,Q,Y,V,O,N,T,R,W,Q,B,I,H,M,O,S,D,Q,K,W,R,Q,R,G,O,W,Z,F,V,M,T,N,Q,X,O,Z,R,X,T,P,U,V,D,Y,R,I
Row 35,M,Q,N,F,F,Z,Q,G,Z,B,F,G,B,P,N,U,O,M,A,F,K,U,X,O,I,V,K,Z,V,I,U,Y,C,C,A,L,U,F,V,A,I,U,Q,Y,R,R,A,B,E,L,V,L,R,O,N,R,O,T,Z,U,S,G,H,W,Q,U,U,T,U,I,K,O,J,O,J,O,U,Y,P,X,O,S,G,S,K,J,I,A,A,A,K,G,N,X,S,F,A,U,H,I
Row 36,W,L,J,G,A,O,M,U,L,B,Z,I,Z,Y,C,A,C,K,T,M,S,L,V,I,S,O,H,X,M,M,Z,U,Y,H,H,A,K,L,U,Z,N,N,B,F,M,B,B,E,J,G,Z,Z,M,M,N,W,Z,T,X,M,S,X,V,H,G,Y,G,G,K,S,H,N,N,F,W,E,A,A,X,B,H,M,M,A,B,N,N,V,L,X,A,L,F,G,M,J,V,P,N,I
Row 37,A,Q,C,M,W,H,E,R,B,I,S,U,N,D,T,L,W,U,D,K,S,V,U,T,W,K,I,D,N,F,V,Z,M,O,D,T,J,M,C,K,V,F,D,I,Q,H,G,K,C,H,T,L,D,Z,K,I,I,B,B,V,H,L,T,Y,H,B,V,P,B,S,G,C,X,Y,E,L,J,D,R,O,L,Q,X,I,L,J,A,L,E,B,R,D,J,I,D,U,E,Q,D,B
Row 38,K,X,W,D,Z,W,O,L,U,M,V,X,H,Q,P,N,J,Q,X,O,M,Q,M,V,X,C,F,X,L,T,B,O,M,G,E,W,H,F,F,T,G,Z,K,I,I,Y,P,I,S,O,S,J,L,X,N,R,W,T,T,P,Q,Y,R,X,K,W,P,H,T,K,M,B,P,O,V,Z,U,F,Q,Y,U,X,A,T,Y,K,V,L,K,G,C,P,J,Y,K,D,S,W,U,R
Row 39,Z,N,E,L,M,C,E,E,W,D,I,O,Q,R,V,A,A,A,B,L,C,B,P,H,T,N,O,D,K,L,A,Z,G,G,P,J,M,U,W,Q,W,I,A,X,L,T,H,Z,L,H,I,S,N,O,K,J,O,D,C,F,E,J,N,S,M,D,M,N,G,S,T,R,Q,S,S,L,B,L,T,Q,S,S,E,L,A,F,X,H,B,J,E,C,W,R,L,F,F,Z,G,U
Row 40,K,K,R,T,D,R,X,R,A,S,G,O,S,P,N,I,E,B,Z,F,D,F,N,F,X,F,N,D,T,W,K,B,H,H,R,Q,G,K,Y,Z,F,J,S,V,M,L,W,E,W,N,G,T,U,L,E,E,A,Y,G,K,A,V,V,P,F,R,P,I,J,T,D,C,W,X,B,A,U,U,B,V,F,R,G,K,L,Y,I,P,H,H,O,B,X,B,Q,V,J,T,O,Q
Row 41,R,L,J,X,U,P,N,A,N,Z,X,J,N,X,M,T,D,L,A,D,M,C,R,Y,F,P,L,O,W,P,H,Z,R,A,R,W,P,R,S,W,A,K,J,P,C,Q,T,P,Z,V,L,P,Z,C,I,K,C,U,P,Z,X,W,J,Y,U,E,P,W,X,Y,S,Z,L,U,L,Z,H,R,S,C,E,Q,U,D,J,R,P,O,S,O,P,M,I,Y,I,R,T,B,H,E
Row 42,R,A,V,Q,P,Q,G,A,C,W,K,O,M,W,N,F,D,F,G,Z,O,G,K,C,W,F,Y,F,A,H,A,L,X,Q,N,L,O,G,P,F,N,B,X,G,S,I,Y,J,M,W,G,M,R,Q,J,Y,V,S,G,F,N,D,B,D,Z,A,L,R,M,P,S,D,R,Z,N,P,T,B,S,X,F,T,F,U,O,Y,M,J,Q,I,B,I,W,S,M,V,T,C,K,D
Row 43,D,P,M,F,I,K,A,Z,S,C,J,S,S,P,X,Y,G,A,A,B,K,D,Y,Q,T,K,I,I,R,B,U,A,W,N,S,L,T,X,E,I,D,C,J,J,M,N,J,E,Q,K,Z,F,N,U,I,U,A,H,W,E,Q,E,A,R,Z,M,L,A,L,W,S,D,W,X,G,J,O,N,R,M,Z,X,M,E,S,J,B,N,R,I,O,B,O,R,Y,J,P,O,A,J
Row 44,G,T,V,S,J,G,C,H,Z,Q,D,Z,G,D,B,S,D,X,X,V,Y,M,P,G,C,W,L,M,V,N,U,P,Z,O,X,H,N,F,A,C,W,G,H,C,A,Q,X,T,Q,Z,I,M,G,X,X,Q,M,J,F,A,E,U,Q,U,Y,Z,Q,Q,H,H,C,S,T,B,H,O,V,O,S,J,O,Z,L,B,T,G,B,N,U,O,U,Q,A,B,H,Q,R,F,O,D
Row 45,H,A,P,I,S,Y,B,A,R,O,G,Q,L,J,F,W,S,E,Q,C,R,A,A,Z,J,T,M,B,M,E,E,U,F,V,H,H,F,H,V,S,M,A,F,C,V,O,J,A,G,E,G,Y,Y,W,B,M,K,H,A,L,X,S,Q,Z,A,Y,P,U,W,C,K,T,T,Q,T,V,Z,S,C,X,C,G,F,G,O,C,V,W,R,I,X,V,V,D,V,O,Q,W,N,U
Row 46,S,K,Y,B,R,D,Z,D,T,B,T,I,P,M,S,S,H,F,F,S,B,L,M,Q,S,X,T,K,F,M,D,J,Y,X,K,Q,F,A,P,F,Z,J,R,Y,N,M,A,M,W,K,J,I,H,B,J,T,R,T,B,G,W,R,J,B,N,A,L,J,L,V,Y,V,S,C,N,N,X,Y,V,H,S,O,H,G,F,F,U,A,F,L,L,B,T,D,Q,P,X,W,G,G
Row 47,G,M,I,T,O,K,E,M,P,Z,I,K,U,O,B,E,V,W,Z,K,V,G,I,K,Z,G,J,G,G,U,U,U,Y,W,O,B,X,Q,I,Z,E,J,G,F,A,I,E,T,J,F,W,D,H,M,J,R,N,J,K,S,H,D,E,A,D,M,N,M,D,J,K,S,P,J,Y,F,O,Q,Q,T,Z,U,Q,E,E,J,E,X,D,H,D,Q,E,U,A,A,D,Q,N,K
Row 48,N,R,F,K,N,B,O,V,I,X,J,F,F,O,I,H,B,Y,Q,G,T,V,F,L,V,J,J,K,W,A,G,D,J,R,O,X,R,B,Q,S,E,O,M,K,G,U,P,C,L,Q,Q,W,E,V,Q,A,W,E,H,E,J,Q,H,G,Z,Z,K,C,R,I,Y,K,Q,S,H,M,S,U,L,Y,Z,L,V,E,W,V,I,Z,B,Z,X,C,N,X,F,Q,W,G,K,O
Row 49,Z,Y,R,V,D,S,F,Z,R,P,A,R,C,B,O,P,E,F,W,E,U,D,U,B,G,H,A,A,U,N,B,F,S,O,P,N,P,O,W,S,G,F,N,W,U,J,H,L,J,R,E,A,Z,B,T,Z,W,K,T,L,R,P,M,G,Z,M,Y,Z,Z,B,C,Z,V,H,O,I,U,G,O,T,W,O,S,X,W,T,T,Q,D,E,V,X,U,U,E,R,F,S,F,E
Row 50,M,Q,P,A,B,L,U,O,S,P,D,D,P,F,H,F,E,S,U,F,H,U,C,D,Q,V,V,O,I,Q,T,Y,U,J,X,I,N,Q,R,Y,Y,N,P,R,P,R,G,W,Z,I,G,D,G,S,U,N,X,H,O,P,D,C,V,D,I,F,S,Q,U,T,L,F,M,B,P,W,H,B,X,B,P,Z,T,G,Y,G,J,S,F,V,Y,S,H,O,Z,S,D,Q,O,X
Row 51,Z,T,Q,S,W,R,Z,H,E,U,S,U,J,T,F,V,V,D,R,M,R,C,B,E,J,T,G,H,J,E,E,E,M,D,N,J,L,Q,Z,W,O,E,L,Q,T,X,Y,U,K,X,N,F,N,P,T,W,H,G,T,Z,Z,K,O,G,A,Z,B,Y,W,G,K,W,G,M,G,D,T,P,S,W,C,R,T,M,Z,X,S,W,J,Z,I,M,P,H,X,L,Z,V,D,K
Row 52,J,N,S,V,X,B,H,C,A,Q,Y,X,L,U,G,Q,U,G,O,E,G,H,H,A,L,B,B,O,N,Z,G,G,K,I,O,F,S,M,R,O,E,N,X,S,K,S,G,G,I,D,E,C,W,R,E,R,N,Y,J,H,Z,V,G,R,F,E,Q,W,U,F,G,R,Y,L,Z,N,V,J,P,A,D,W,F,X,Z,Q,Y,X,Z,O,A,V,P,U,E,R,S,E,W,X
Row 53,S,S,Q,C,A,Y,B,E,R,Q,C,S,E,F,U,R,K,I,P,E,Y,R,W,R,J,C,E,Y,M,D,O,Q,H,P,X,U,L,A,M,K,J,L,Y,W,A,W,K,O,X,W,W,T,B,T,R,N,G,T,X,B,H,M,T,H,T,V,B,T,I,A,T,N,H,F,U,I,L,H,W,O,L,H,L,T,N,B,O,L,R,I,Q,V,L,A,F,K,J,W,K,L
Row 54,H,P,X,C,B,H,S,U,S,C,E,W,J,M,G,H,D,R,I,K,U,D,A,R,U,X,T,G,U,C,U,Y,K,A,T,M,P,S,Q,L,F,T,H,Z,I,O,G,I,M,S,F,Q,F,Z,F,J,Z,P,Z,K,D,K,W,R,O,G,K,C,N,R,V,S,G,I,R,F,J,I,J,S,A,T,O,D,B,T,E,D,D,Z,W,Y,Q,Y,Z,A,T,H,Y,P
Row 55,B,A,L,W,Q,C,A,P,O,L,U,B,I,U,Z,F,Y,N,P,P,C,R,O,W,V,R,W,N,Y,W,Y,P,L,K,N,S,R,X,R,S,A,O,Z,P,T,H,P,U,W,Q,T,E,C,Y,X,R,L,Z,X,G,L,H,F,Z,E,D,Q,P,Q,S,H,B,K,H,I,D,V,K,U,Z,C,Y,I,V,X,M,O,S,U,P,S,Y,U,Z,N,D,T,R,E,V
Row 56,K,Y,R,F,O,J,F,Q,N,X,W,U,V,T,T,X,L,R,Q,H,V,B,O,X,L,H,B,M,O,Q,W,H,F,V,E,P,I,K,V,S,O,O,A,U,Y,Z,B,Z,K,W,P,B,W,G,T,K,Q,S,V,S,L,X,N,Y,T,B,L,O,G,O,S,D,X,V,E,B,W,G,N,H,Z,Z,T,F,Y,U,H,F,Q,T,K,N,G,A,T,G,M,I,L,L
Row 57,N,G,B,W,P,J,P,D,P,W,T,C,G,N,J,L,H,F,D,I,F,I,L,L,K,O,L,D,I,M,P,K,H,M,F,D,Z,O,I,C,G,I,M,R,N,B,L,U,H,O,H,D,L,R,Q,G,Q,Z,K,E,I,C,X,Z,O,N,N,E,Q,U,A,L,J,Q,F,A,U,S,L,H,I,P,O,O,Y,Y,P,Q,J,T,U,M,M,K,Y,A,B,V,Z,D
Row 58,H,W,C,Z,Q,R,L,S,Y,N,V,I,J,K,G,S,W,H,E,P,G,I,P,F,E,N,G,F,W,P,I,Q,Z,L,Z,K,E,L,W,K,W,I,M,M,P,H,E,A,E,J,X,X,S,W,Y,D,J,E,Y,K,R,B,K,U,H,I,A,N,P,S,F,Z,W,J,O,V,U,C,L,L,A,D,X,P,K,R,W,E,N,G,Q,O,Z,F,J,H,D,F,G,E
Row 59,E,M,Z,X,E,J,J,C,O,F,A,R,V,Q,L,G,J,F,W,A,O,E,H,M,J,Q,C,R,K,W,L,D,W,T,V,W,M,V,G,U,T,D,L,H,O,M,A,P,N,H,A,Q,O,M,N,J,H,E,E,X,U,Y,L,E,U,V,B,P,R,J,Z,W,A,S,M,O,J,A,I,U,O,R,J,Q,Y,H,H,F,T,V,W,V,Y,P,K,Z,K,K,O,K
Row 60,Y,L,I,X,B,V,J,Z,O,O,P,Z,W,L,D,B,N,X,Q,D,A,A,B,W,U,Z,P,M,B,L,Q,C,O,P,Q,P,A,X,W,T,N,K,G,O,B,U,U,W,Q,K,W,B,J,A,U,S,V,A,N,I,F,K,G,E,D,R,W,F,L,Y,G,S,X,P,S,C,Q,R,N,B,O,P,S,Z,Z,J,X,A,F,V,F,T,L,R,E,Q,X,G,F,O
Row 61,B,V,N,J,N,D,R,F,T,G,Y,A,X,I,H,A,N,M,S,U,I,D,C,Y,L,Y,G,R,K,F,L,S,E,T,P,H,O,X,V,V,V,T,N,K,A,V,Q,A,X,X,O,T,H,K,Y,R,U,L,U,D,S,E,U,R,Q,Z,F,H,A,Q,R,M,O,P,E,K,F,R,C,K,J,X,P,F,O,W,D,C,Z,H,C,I,D,W,E,N,L,W,Q,E
Row 62,Q,R,Y,X,L,X,A,L,D,R,O,O,U,U,K,V,S,J,O,V,Y,K,N,J,M,J,Y,K,N,B,I,J,N,P,B,F,V,O,F,A,N,F,J,A,Z,P,I,I,R,W,S,H,Q,B,B,V,O,T,W,O,T,M,U,C,V,W,F,Q,J,Y,A,B,O,F,B,L,K,J,Y,N,N,Z,W,G,B,X,B,F,H,D,B,F,R,A,D,K,E,C,V,U
Row 63,J,O,A,L,N,M,V,X,L,H,A,X,J,G,M,X,F,P,K,R,N,A,C,X,F,K,B,T,C,G,K,X,J,P,N,W,M,X,F,S,P,R,W,C,C,L,Q,T,K,H,I,K,H,E,Q,H,X,S,E,O,J,I,K,O,P,W,C,F,S,K,G,I,U,Z,I,Z,V,N,D,W,C,B,E,F,M,X,T,Q,V,J,O,B,J,S,B,H,Y,Q,G,Q
Row 64,A,Y,T,T,N,Y,N,L,J,W,I,R,A,R,Q,H,Q,O,G,A,I,G,S,F,R,U,M,W,S,A,C,P,D,Z,N,P,H,P,P,R,T,W,F,Y,G,X,D,Z,U,V,N,J,A,Y,A,I,G,J,H,I,E,E,B,B,Q,D,E,F,G,C,E,B,K,A,S,V,A,F,D,N,T,G,D,K,Z,O,L,W,R,R,G,K,D,K,T,R,S,T,N,D
Row 65,B,Z,J,X,O,N,A,P,R,H,U,L,X,T,J,Z,Y,K,R,D,A,U,B,T,A,L,E,L,I,Z,V,R,M,P,F,F,C,Y,L,U,J,L,G,U,O,V,V,G,S,T,B,Y,V,Q,G,W,J,R,N,T,D,A,M,B,K,L,F,H,Q,H,Q,Z,B,L,N,H,Z,B,K,M,N,Y,C,F,C,M,H,Q,S,F,B,T,X,J,X,S,O,J,P,I
Row 66,I,Y,T,A,K,V,A,T,C,Y,R,Y,O,G,Q,U,F,Z,I,D,J,P,M,M,N,Z,N,T,C,R,C,D,D,S,Z,G,S,L,M,C,D,G,M,S,M,Z,L,T,W,R,A,D,O,S,X,T,B,U,L,D,X,F,Q,P,O,F,Y,Y,N,B,E,S,Y,D,A,U,A,S,W,F,Y,F,R,F,W,N,X,T,V,X,Y,T,D,P,G,W,P,V,Q,L
Row 67,O,T,A,T,Q,H,F,D,E,Z,B,Z,P,C,U,H,B,Y,Q,J,E,F,L,B,E,R,W,U,O,T,Z,Z,L,C,U,Z,Q,E,Q,Z,X,N,T,Z,Z,Y,D,K,R,U,A,B,D,E,E,F,R,Y,Y,F,E,K,D,C,T,D,L,P,U,D,B,D,E,L,L,P,S,R,L,A,N,Y,J,E,Q,R,Q,W,L,J,L,O,A,W,H,U,F,J,W,O
Row 68,A,I,B,Y,T,P,Q,G,N,R,J,V,M,Q,J,H,S,J,I,A,T,E,N,I,D,N,C,L,N,L,P,C,T,Q,N,W,P,G,Y,H,L,B,Z,U,K,A,Y,V,Z,W,N,F,Z,Q,Y,Z,A,U,Y,W,Z,Z,F,T,S,O,P,K,B,W,B,C,F,F,Y,D,P,R,J,Y,D,D,E,W,F,J,W,D,J,H,G,U,X,N,O,F,D,A,Q,G
Row 69,A,J,H,F,P,P,V,G,K,N,P,V,W,B,K,E,O,X,F,G,O,B,L,V,I,S,Y,R,N,A,K,C,J,Z,M,S,X,H,T,M,Y,P,V,Y,T,U,Q,L,B,C,G,D,H,W,Q,B,X,Q,Z,R,O,S,O,G,C,Q,X,E,H,N,V,C,M,Q,X,M,W,D,A,L,Z,F,G,O,V,A,O,M,D,R,V,K,F,R,J,I,N,D,J,J
Row 70,S,S,E,K,Q,X,S,E,B,Y,O,P,Z,N,I,W,O,Y,B,Z,S,W,H,A,N,W,V,I,P,H,B,K,U,I,F,K,R,P,W,Q,B,Y,G,P,S,C,L,Y,O,D,K,F,A,J,A,W,I,R,Z,P,A,E,I,P,Z,W,O,D,K,B,J,O,D,F,D,M,O,Q,Y,F,O,R,M,V,E,I,T,P,D,U,G,D,B,X,I,I,D,B,F,L
Row 71,R,R,N,V,D,C,K,T,G,S,R,B,W,O,P,M,V,Q,K,L,V,L,V,R,C,J,F,V,I,I,G,U,W,G,B,B,I,T,V,N,O,K,C,V,K,Y,E,V,T,X,K,U,U,B,P,Z,R,M,C,N,S,F,T,Z,L,V,B,W,B,T,F,C,V,J,O,V,R,E,U,F,X,N,Z,E,Y,M,P,B,T,M,K,Z,S,Z,E,X,X,I,B,B
Row 72,N,Y,U,W,B,W,P,E,I,T,O,Y,D,D,Q,N,N,P,X,P,T,V,D,C,E,E,T,D,N,O,T,R,R,I,F,O,M,H,Z,X,H,F,E,W,B,E,R,B,I,J,P,Y,H,S,E,O,K,C,M,A,U,W,V,N,B,X,N,Q,B,T,C,C,Z,T,Y,H,W,G,U,E,D,E,P,F,J,Q,N,L,L,N,A,H,K,H,L,E,K,P,T,T
Row 73,G,N,C,S,B,L,N,S,L,R,U,C,O,J,M,U,S,K,L,P,K,M,Z,X,S,H,F,D,C,X,D,N,Q,E,A,B,K,V,G,V,I,R,N,V,A,T,S,P,Y,I,U,Q,Z,A,E,V,P,S,B,Z,P,W,G,Z,W,P,E,M,I,V,R,T,P,T,Z,G,B,P,G,K,I,U,S,I,P,W,J,N,N,Q,Z,A,M,Y,F,A,Q,D,N,K
Row 74,F,V,U,D,J,W,K,P,H,D,Y,B,B,P,U,K,G,H,R,N,F,F,Y,F,M,W,T,S,H,A,J,L,H,Y,O,D,I,B,J,A,T,N,N,T,K,U,U,L,D,J,F,I,G,Q,Q,M,U,K,Y,E,D,H,W,O,X,Q,T,I,C,F,F,U,W,X,C,G,E,W,W,B,Q,W,J,U,O,V,Q,U,Y,S,D,V,R,B,B,J,V,L,G,Q
Row 75,I,B,S,S,F,B,Z,B,L,N,G,O,E,C,O,X,S,F,G,U,M,P,V,J,Y,Y,D,F,T,L,Y,T,R,W,G,C,Q,D,T,Z,Z,E,P,H,B,G,G,Q,B,R,H,G,I,O,Y,E,H,W,M,R,P,X,K,D,K,S,Z,A,U,C,S,G,V,V,D,K,M,A,R,L,T,D,M,Z,A,B,C,J,R,G,V,D,D,N,N,D,N,Q,T,Q
Row 76,Y,T,F,O,M,F,C,T,A,S,Z,K,D,O,O,M,E,E,C,E,X,A,Q,S,J,J,B,X,Z,H,A,H,G,S,Y,L,F,Q,Y,I,E,G,Q,L,I,H,R,C,H,Q,A,V,B,H,V,G,O,W,Z,K,N,L,E,H,W,W,R,Y,X,B,H,D,Q,J,Q,A,I,Y,U,U,L,R,C,A,G,O,V,L,F,A,K,V,K,O,Q,P,C,H,O,T
Row 77,B,J,L,X,R,P,Q,L,J,L,X,G,V,C,P,K,B,B,J,V,H,B,S,O,C,P,Z,D,U,L,B,Z,B,N,C,B,U,B,E,W,X,B,L,T,C,X,R,K,H,P,O,H,L,Q,L,X,W,U,U,Z,F,C,B,B,Q,A,K,K,V,F,L,S,F,Q,G,C,G,E,P,O,G,I,Q,M,O,J,K,Z,B,C,Z,B,A,S,C,T,M,N,P,C
Row 78,W,Z,D,S,N,G,Y,X,B,L,H,O,R,S,K,J,O,I,X,Q,V,F,S,G,V,X,M,M,U,H,S,D,G,R,I,G,Z,I,J,T,L,I,A,M,Y,N,N,E,L,U,N,H,W,S,V,G,W,H,T,O,N,O,J,C,F,H,C,V,Z,W,E,F,I,P,B,R,P,A,E,Y,D,R,S,J,R,Y,P,I,O,S,I,P,A,Z,Y,X,C,B,J,W
Row 79,F,E,I,X,A,L,Q,P,X,V,W,H,H,A,G,I,H,Q,U,F,T,H,J,X,T,B,Q,V,P,Y,L,M,T,P,F,P,G,Y,P,M,N,Y,E,P,U,W,O,O,J,O,Y,E,B,A,Y,Y,T,M,Z,F,S,C,W,X,U,M,I,P,I,J,N,U,T,L,U,Y,A,P,G,R,Y,L,B,Q,Z,L,W,O,I,E,E,I,F,N,H,S,N,K,U,P
Row 80,K,A,I,F,T,J,S,Q,X,H,A,Y,K,M,X,I,R,G,W,Q,Z,F,O,N,D,R,Y,Y,S,F,D,T,Y,H,J,E,K,S,I,H,Y,G,S,A,G,P,Z,X,D,W,G,H,C,P,N,X,J,X,P,D,Z,E,S,J,V,P,I,I,M,R,S,C,A,M,R,M,H,T,F,B,T,A,U,W,R,B,G,M,W,T,C,L,B,M,I,G,A,E,S,R
Row 81,R,O,V,X,O,T,D,U,Z,L,Q,E,K,X,S,B,Y,W,N,J,E,Y,T,K,Z,X,B,Q,N,H,U,H,J,C,X,X,T,S,W,I,W,M,A,Q,R,E,M,Q,S,Y,L,O,E,Q,Y,W,R,U,F,S,Y,C,K,M,Z,F,H,E,Y,T,V,I,G,D,Q,P,X,P,J,P,P,X,G,K,K,O,E,C,Z,F,L,W,R,W,L,O,W,T,E,I
Row 82,F,E,D,Y,N,E,E,L,L,A,P,B,W,Z,Y,C,Q,S,C,E,I,Z,R,Y,N,M,C,X,C,A,P,G,M,W,Z,F,O,L,C,T,O,O,L,H,P,J,G,C,D,A,C,K,V,R,J,H,G,S,C,V,O,U,N,M,W,W,R,Q,T,K,X,O,P,T,S,Z,J,U,A,C,N,Q,N,O,S,Q,U,U,I,V,G,Q,E,A,L,P,U,D,V,Q
Row 83,L,D,L,O,H,G,H,S,C,J,C,J,L,I,U,K,P,S,X,G,X,X,S,D,N,M,U,Z,X,F,A,I,Y,V,E,F,G,P,X,K,P,O,D,G,I,F,P,E,A,U,O,U,K,B,O,H,J,C,F,A,F,V,T,H,Z,C,R,Y,K,P,G,O,M,M,N,H,Q,X,Q,K,B,R,T,N,U,K,K,W,C,R,T,W,T,N,A,H,P,Q,Z,B
Row 84,U,A,I,O,W,H,J,I,E,Y,I,D,P,G,T,Y,P,H,A,V,X,A,Y,S,H,E,F,N,Y,U,V,Q,I,V,V,K,Q,O,T,L,A,P,F,D,I,M,M,O,J,V,I,P,G,F,U,J,O,E,N,R,Q,U,V,H,H,S,G,E,Q,H,D,F,L,B,S,N,A,C,S,C,O,P,F,W,L,B,I,V,T,S,S,R,U,X,A,N,H,T,O,U
Row 85,O,S,L,P,J,G,C,P,Y,K,Q,K,W,C,S,D,R,Z,R,V,K,O,Y,S,T,G,W,T,D,K,T,F,Q,C,C,L,A,R,L,V,W,T,Z,U,G,A,D,G,W,Q,U,E,O,Y,N,J,F,T,U,J,M,H,G,S,S,I,U,G,G,L,E,J,C,J,R,X,Q,B,C,Z,S,L,K,D,X,Y,L,J,Z,M,S,S,N,W,T,Z,S,M,Y,S
Row 86,J,G,K,K,W,C,T,X,W,H,U,T,N,Y,H,K,Q,Y,K,M,G,X,F,E,K,V,Q,I,N,I,Q,I,C,J,O,O,W,P,D,P,D,S,S,I,J,O,X,E,L,K,A,L,P,U,O,U,I,N,F,D,C,Y,I,T,Y,A,D,X,K,F,P,B,D,H,W,Y,E,A,S,H,H,C,K,A,A,G,T,X,D,K,G,G,X,P,P,Y,J,V,H,D
Row 87,D,V,Z,A,R,P,C,T,H,X,Q,X,R,U,Y,Z,F,S,B,Y,T,T,E,R,S,J,F,Z,P,O,L,B,R,W,D,B,T,E,N,S,T,T,Y,Y,C,K,D,V,H,Z,O,N,E,A,I,K,O,C,L,A,Q,C,A,J,G,X,A,P,N,N,U,J,Z,C,C,J,X,D,E,P,V,K,P,Y,P,V,M,X,Q,T,G,L,Y,U,F,Y,E,H,Q,I
Row 88,W,H,F,G,K,F,S,H,Z,L,O,J,M,B,E,R,D,T,C,X,S,F,Q,G,I,I,Z,W,N,A,S,V,M,Y,D,Y,P,A,S,X,W,F,V,W,X,D,B,W,L,X,J,Q,B,F,A,O,C,V,R,C,K,B,T,W,W,A,F,L,K,I,U,V,J,Z,S,K,K,X,Y,R,F,Y,K,H,A,D,A,D,H,N,Z,N,P,V,V,L,B,J,U,Z
Row 89,E,Y,N,H,L,N,N,V,V,E,W,L,Y,W,A,M,O,G,S,G,V,R,L,B,D,C,P,H,N,O,B,R,K,G,G,R,Y,F,N,K,G,J,H,K,L,E,A,K,S,G,J,W,W,M,U,L,Z,S,U,T,E,N,C,N,T,Z,U,O,S,I,R,Y,C,I,U,B,X,V,P,K,M,O,B,E,T,W,I,W,V,L,H,D,K,X,N,N,G,S,E,A
Row 90,U,B,G,Z,N,P,R,N,D,E,V,K,A,K,A,T,L,O,M,F,I,U,K,A,N,X,A,X,O,Q,O,Z,I,H,Q,R,S,Q,P,D,I,N,C,K,H,G,X,X,V,S,V,V,M,U,H,R,S,H,W,U,T,R,M,O,M,G,W,E,D,D,U,I,W,V,L,A,K,C,Q,J,C,D,F,X,C,B,P,J,F,W,R,E,J,C,Y,U,S,Q,W,W
Row 91,B,K,S,G,F,E,B,B,A,D,P,A,H,A,E,Q,J,W,A,D,X,U,J,X,G,D,G,Q,C,B,V,C,J,D,O,Y,Z,H,C,W,P,T,H,Z,X,A,B,I,U,B,D,R,Z,B,Q,Q,A,U,Y,Q,K,P,N,L,V,U,P,O,A,T,V,R,X,V,Y,L,Q,N,O,Q,X,X,J,G,N,C,N,U,U,R,Q,H,R,A,B,H,G,I,J,E
Row 92,Z,F,U,K,L,G,E,V,C,C,R,U,Y,V,B,P,X,Q,F,C,R,H,D,L,F,G,W,I,C,G,K,O,O,Q,V,K,Z,S,X,C,M,F,I,O,Y,L,F,Q,L,R,R,J,T,A,N,M,N,V,K,K,K,B,H,P,E,J,X,A,N,B,R,W,C,L,G,V,F,Q,Y,F,B,V,U,J,K,C,R,Q,X,Q,D,P,E,C,X,G,S,Y,C,L
Row 93,X,B,J,G,R,D,E,G,U,S,S,W,A,K,A,O,R,O,E,Q,E,Y,Q,P,B,O,W,W,B,U,S,R,B,Q,Q,U,P,X,E,W,N,O,Y,J,E,D,W,S,J,S,P,T,K,X,I,L,X,P,P,E,S,B,Z,K,L,O,P,U,W,M,U,H,N,A,R,E,M,S,L,G,B,C,E,G,C,N,U,I,H,D,L,B,F,J,M,Z,T,O,C,Q
Row 94,I,K,S,E,Z,P,W,U,T,R,F,D,O,T,N,H,M,V,R,K,B,H,U,Q,P,F,N,V,W,O,J,Q,H,E,Z,O,G,L,N,Q,H,S,B,O,R,L,Y,D,O,K,A,M,W,H,S,I,H,Z,H,N,F,Q,G,S,O,R,P,E,F,G,N,O,X,T,P,S,R,Q,U,O,S,L,O,E,G,C,J,K,E,E,C,D,E,O,D,Z,S,T,A,U
Row 95,J,Q,I,F,C,B,N,M,S,T,K,L,H,O,U,K,M,S,Y,N,P,G,S,X,J,B,Y,Q,W,U,T,F,N,M,T,N,X,Z,D,X,B,J,K,E,T,B,O,D,J,U,J,Q,S,O,X,A,U,X,J,W,M,U,I,Z,O,K,Y,O,D,B,H,Q,M,D,V,E,B,T,T,F,T,O,I,O,Q,Y,S,F,L,W,K,M,K,M,C,N,O,C,O,F
Row 96,Z,L,G,X,K,H,K,R,Z,E,Z,O,B,Y,O,K,O,Z,V,R,J,U,K,W,S,H,J,L,J,W,O,X,Z,G,B,C,A,P,P,U,Y,P,Z,L,U,N,M,C,P,K,M,Y,K,V,Z,D,K,M,B,Z,J,V,J,G,S,R,P,Y,P,I,I,F,E,V,P,U,C,G,Y,W,L,I,F,Z,R,I,W,Q,V,E,A,E,H,D,X,M,P,K,Y,X
Row 97,I,G,C,J,J,Q,G,R,X,A,W,Z,S,V,O,I,H,S,Z,Q,M,B,I,Q,W,M,Q,E,G,E,M,U,Y,S,M,Q,H,L,K,T,B,P,O,R,D,G,O,E,N,D,E,V,Z,I,V,S,W,W,U,A,T,J,W,M,L,A,T,O,I,U,I,S,G,I,I,P,L,P,R,Z,F,O,V,Z,Z,L,Y,H,U,F,Q,G,T,A,L,Q,X,R,K,L
Row 98,R,R,R,D,Z,M,H,E,Y,B,N,Q,O,R,K,X,I,Y,F,C,J,N,F,P,K,R,Q,U,P,Z,J,Y,L,N,R,Q,L,M,G,V,U,J,L,Y,J,D,X,P,R,T,N,B,T,T,M,S,R,B,O,B,Q,Z,W,M,D,Y,V,S,U,V,L,P,E,H,Z,U,H,C,M,C,L,H,F,O,W,A,R,M,O,O,S,V,U,G,Y,A,K,Q,F,Y
Row 99,L,H,B,I,W,M,B,B,W,S,D,X,G,N,Y,G,B,J,W,N,K,O,U,P,K,W,Y,J,N,B,I,X,Q,O,U,L,U,Q,Y,H,H,S,L,C,J,N,J,U,A,C,B,U,Y,N,W,S,D,K,M,I,U,Q,J,L,U,M,P,B,T,M,X,D,R,S,E,Q,O,M,M,U,Q,W,I,A,K,A,K,S,D,X,Z,Q,M,J,D,K,I,F,L,T
Row 100,A,K,F,H,S,T,H,D,B,K,L,S,W,L,J,B,M,P,U,V,Y,I,Z,C,S,I,I,C,M,C,F,U,Y,M,R,I,E,H,A,R,F,G,F,Z,T,U,N,U,T,D,C,G,V,D,J,Y,J,O,J,G,L,L,V,I,E,A,V,N,U,F,H,Z,J,G,K,W,N,K,M,U,F,D,C,Q,J,A,L,F,M,T,Z,G,H,T,T,J,Z,Y,Y,Z
